market,product,source,start,end,timeliness,data_length,completeness,duplicates,mode_D
Nairobi,Barley,EAGC-RATIN,2013-05-29,2018-06-14,713.0,1843.0,0.007,4.0,1
Nairobi,Beans,EAGC-RATIN,2016-06-23,2019-10-11,229.0,2598.0,0.623,1392.0,1
Nairobi,Peas,EAGC-RATIN,2018-01-04,2019-10-11,229.0,1282.0,0.683,636.0,1
Nairobi,Rice,EAGC-RATIN,2015-12-02,2019-07-25,307.0,1521.0,0.224,189.0,1
Nairobi,Wheat,EAGC-RATIN,2018-01-16,2019-07-25,307.0,683.0,0.328,127.0,1
Nairobi,Maize,EAGC-RATIN,2018-12-13,2019-10-11,229.0,357.0,0.524,78.0,1
Nairobi,Sorghum,EAGC-RATIN,2018-09-10,2019-10-11,229.0,583.0,0.619,186.0,1
Nairobi,Millet,EAGC-RATIN,2018-09-06,2019-10-09,231.0,444.0,0.423,83.0,1
Gitega,Beans,EAGC-RATIN,2018-10-11,2019-10-16,224.0,884.0,0.777,513.0,1
Gitega,Peas,EAGC-RATIN,2018-01-04,2019-10-16,224.0,1120.0,0.646,469.0,1
Gitega,Rice,EAGC-RATIN,2013-06-17,2019-10-16,224.0,2540.0,0.163,227.0,1
Gitega,Wheat,EAGC-RATIN,2018-07-11,2019-10-16,224.0,507.0,0.404,90.0,1
Gitega,Maize,EAGC-RATIN,2018-12-12,2019-10-16,224.0,342.0,0.52,86.0,1
Gitega,Sorghum,EAGC-RATIN,2018-11-16,2019-10-16,224.0,371.0,0.52,94.0,1
Gitega,Millet,EAGC-RATIN,2019-08-06,2019-10-16,224.0,79.0,0.418,11.0,2
Arusha,Barley,EAGC-RATIN,2018-11-15,2019-05-29,364.0,277.0,0.671,81.0,1
Arusha,Beans,EAGC-RATIN,2018-02-07,2019-10-17,223.0,1558.0,0.715,940.0,1
Arusha,Peas,EAGC-RATIN,2018-01-29,2019-10-17,223.0,1222.0,0.633,595.0,1
Arusha,Rice,EAGC-RATIN,2014-08-20,2019-10-17,223.0,2626.0,0.431,741.0,1
Arusha,Wheat,EAGC-RATIN,2018-08-10,2019-10-17,223.0,597.0,0.506,163.0,1
Arusha,Maize,EAGC-RATIN,2018-02-02,2019-10-17,223.0,764.0,0.37,141.0,1
Arusha,Sorghum,EAGC-RATIN,2018-09-28,2019-10-17,223.0,681.0,0.653,296.0,1
Arusha,Millet,EAGC-RATIN,2018-09-26,2019-10-17,223.0,690.0,0.641,303.0,1
Dar es salaam,Beans,EAGC-RATIN,2018-05-17,2019-10-17,223.0,1196.0,0.708,677.0,1
Dar es salaam,Peas,EAGC-RATIN,2018-03-02,2019-10-17,223.0,624.0,0.099,29.0,2
Dar es salaam,Rice,EAGC-RATIN,2014-08-20,2019-10-17,223.0,2183.0,0.328,298.0,1
Dar es salaam,Wheat,EAGC-RATIN,2018-07-10,2019-10-17,223.0,495.0,0.325,68.0,1
Dar es salaam,Maize,EAGC-RATIN,2018-12-13,2019-10-17,223.0,334.0,0.407,58.0,1
Dar es salaam,Sorghum,EAGC-RATIN,2018-11-19,2019-10-17,223.0,355.0,0.392,63.0,1
Dar es salaam,Millet,EAGC-RATIN,2018-09-17,2019-10-17,223.0,422.0,0.36,68.0,1
Kasese,Beans,EAGC-RATIN,2018-06-19,2019-06-26,336.0,906.0,0.73,533.0,1
Kasese,Peas,EAGC-RATIN,2017-12-29,2019-06-26,336.0,583.0,0.328,73.0,1
Kasese,Rice,EAGC-RATIN,2014-12-09,2019-06-26,336.0,2033.0,0.381,372.0,1
Kasese,Maize,EAGC-RATIN,2017-08-30,2019-06-26,336.0,689.0,0.176,58.0,1
Kasese,Sorghum,EAGC-RATIN,2018-10-31,2019-06-26,336.0,266.0,0.5,64.0,1
Kasese,Millet,EAGC-RATIN,2018-09-10,2019-06-26,336.0,319.0,0.458,67.0,1
Masindi,Beans,EAGC-RATIN,2018-05-24,2019-10-17,223.0,850.0,0.585,338.0,1
Masindi,Peas,EAGC-RATIN,2017-11-02,2019-10-17,223.0,826.0,0.341,111.0,1
Masindi,Rice,EAGC-RATIN,2015-05-29,2019-10-17,223.0,1803.0,0.202,200.0,1
Masindi,Maize,EAGC-RATIN,2016-08-12,2019-10-17,223.0,1386.0,0.305,224.0,1
Masindi,Sorghum,EAGC-RATIN,2018-10-31,2019-10-17,223.0,376.0,0.42,68.0,1
Masindi,Millet,EAGC-RATIN,2018-09-19,2019-10-17,223.0,431.0,0.425,77.0,1
Eldoret,Beans,EAGC-RATIN,2015-12-09,2019-10-11,229.0,1944.0,0.368,541.0,1
Eldoret,Peas,EAGC-RATIN,2018-01-05,2019-10-11,229.0,818.0,0.484,173.0,1
Eldoret,Rice,EAGC-RATIN,2018-06-28,2019-06-25,337.0,478.0,0.469,115.0,1
Eldoret,Wheat,EAGC-RATIN,2018-07-16,2019-10-11,229.0,473.0,0.277,56.0,1
Eldoret,Maize,EAGC-RATIN,2018-12-13,2019-10-11,229.0,318.0,0.362,50.0,1
Eldoret,Sorghum,EAGC-RATIN,2018-11-26,2019-10-11,229.0,338.0,0.382,56.0,1
Eldoret,Millet,EAGC-RATIN,2018-09-13,2019-10-09,231.0,410.0,0.346,59.0,1
Mombasa,Beans,EAGC-RATIN,2018-05-11,2019-10-01,239.0,1144.0,0.712,635.0,1
Mombasa,Peas,EAGC-RATIN,2018-01-23,2019-10-01,239.0,840.0,0.461,223.0,1
Mombasa,Rice,EAGC-RATIN,2018-06-05,2019-07-25,307.0,574.0,0.5,158.0,1
Mombasa,Wheat,EAGC-RATIN,2017-05-30,2019-07-23,309.0,814.0,0.188,76.0,1
Mombasa,Maize,EAGC-RATIN,2018-12-13,2019-10-01,239.0,339.0,0.507,74.0,1
Mombasa,Sorghum,EAGC-RATIN,2018-10-29,2019-08-19,282.0,329.0,0.465,72.0,1
Mombasa,Millet,EAGC-RATIN,2018-10-31,2019-10-02,238.0,371.0,0.445,79.0,1
Juba,Beans,EAGC-RATIN,2016-11-21,2019-09-27,243.0,1320.0,0.29,279.0,1
Juba,Peas,EAGC-RATIN,2017-02-13,2019-09-27,243.0,1037.0,0.238,80.0,1
Juba,Rice,EAGC-RATIN,2018-06-28,2019-09-27,243.0,492.0,0.207,35.0,1
Juba,Wheat,EAGC-RATIN,2018-10-05,2019-09-04,266.0,355.0,0.172,20.0,1
Juba,Maize,EAGC-RATIN,2018-01-24,2019-09-27,243.0,696.0,0.264,84.0,1
Juba,Sorghum,EAGC-RATIN,2018-11-29,2019-09-27,243.0,357.0,0.339,54.0,1
Juba,Millet,EAGC-RATIN,2018-09-25,2019-09-27,243.0,385.0,0.231,34.0,1
Mbeya,Beans,EAGC-RATIN,2017-02-08,2019-06-19,343.0,1241.0,0.444,379.0,1
Mbeya,Peas,EAGC-RATIN,2017-12-22,2018-10-25,580.0,310.0,0.084,4.0,1
Mbeya,Rice,EAGC-RATIN,2017-02-06,2019-06-19,343.0,929.0,0.321,100.0,1
Mbeya,Wheat,EAGC-RATIN,2018-08-03,2019-06-19,343.0,348.0,0.356,54.0,1
Mbeya,Maize,EAGC-RATIN,2017-05-31,2019-06-19,343.0,767.0,0.151,51.0,1
Mbeya,Sorghum,EAGC-RATIN,2018-11-06,2019-06-19,343.0,242.0,0.393,46.0,1
Iringa,Beans,EAGC-RATIN,2018-08-15,2019-10-17,223.0,782.0,0.63,353.0,1
Iringa,Peas,EAGC-RATIN,2017-12-12,2019-10-17,223.0,723.0,0.22,48.0,1
Iringa,Rice,EAGC-RATIN,2017-02-16,2019-10-17,223.0,1174.0,0.352,200.0,1
Iringa,Wheat,EAGC-RATIN,2018-06-28,2019-10-17,223.0,510.0,0.335,75.0,1
Iringa,Maize,EAGC-RATIN,2018-12-13,2019-10-17,223.0,332.0,0.461,77.0,1
Iringa,Sorghum,EAGC-RATIN,2019-08-05,2019-10-17,223.0,78.0,0.256,4.0,4
Iringa,Millet,EAGC-RATIN,2019-08-05,2019-10-17,223.0,78.0,0.308,5.0,3
Gulu,Beans,EAGC-RATIN,2018-05-11,2019-10-17,223.0,1012.0,0.618,487.0,1
Gulu,Peas,EAGC-RATIN,2017-12-14,2019-10-17,223.0,832.0,0.385,159.0,1
Gulu,Rice,EAGC-RATIN,2017-03-09,2019-10-17,223.0,1023.0,0.2,70.0,1
Gulu,Maize,EAGC-RATIN,2017-03-01,2019-10-17,223.0,991.0,0.156,46.0,1
Gulu,Sorghum,EAGC-RATIN,2018-11-19,2019-10-17,223.0,357.0,0.339,40.0,1
Gulu,Millet,EAGC-RATIN,2018-09-10,2019-10-17,223.0,432.0,0.333,49.0,1
Mbale,Beans,EAGC-RATIN,2018-06-05,2019-05-30,363.0,670.0,0.651,310.0,1
Mbale,Peas,EAGC-RATIN,2018-01-02,2019-05-30,363.0,533.0,0.191,35.0,1
Mbale,Rice,EAGC-RATIN,2017-09-04,2019-05-30,363.0,649.0,0.146,42.0,1
Mbale,Maize,EAGC-RATIN,2017-03-07,2019-05-30,363.0,1055.0,0.368,240.0,1
Lira,Beans,EAGC-RATIN,2018-05-18,2019-10-17,223.0,1184.0,0.728,666.0,1
Lira,Peas,EAGC-RATIN,2019-07-22,2019-10-17,223.0,136.0,0.581,48.0,3
Lira,Rice,EAGC-RATIN,2017-04-06,2019-10-17,223.0,985.0,0.203,73.0,1
Lira,Maize,EAGC-RATIN,2018-01-18,2019-10-17,223.0,792.0,0.424,154.0,1
Lira,Sorghum,EAGC-RATIN,2018-11-07,2019-10-17,223.0,368.0,0.446,73.0,1
Lira,Millet,EAGC-RATIN,2018-09-21,2019-10-17,223.0,411.0,0.392,69.0,1
Meru,Barley,EAGC-RATIN,2017-08-02,2017-10-12,958.0,72.0,0.083,2.0,1
Meru,Beans,EAGC-RATIN,2018-05-16,2019-10-14,226.0,996.0,0.614,479.0,1
Meru,Peas,EAGC-RATIN,2017-12-11,2019-10-14,226.0,944.0,0.475,271.0,1
Meru,Wheat,EAGC-RATIN,2019-09-18,2019-09-18,252.0,1.0,1.0,,
Meru,Maize,EAGC-RATIN,2017-05-29,2019-10-14,226.0,886.0,0.124,37.0,1
Meru,Sorghum,EAGC-RATIN,2018-10-08,2019-09-18,252.0,367.0,0.3,41.0,1
Meru,Millet,EAGC-RATIN,2018-12-13,2019-10-14,226.0,334.0,0.359,44.0,1
Dodoma,Barley,EAGC-RATIN,2019-03-15,2019-03-15,439.0,2.0,1.0,1.0,
Dodoma,Peas,EAGC-RATIN,2018-02-02,2019-01-30,483.0,378.0,0.161,15.0,1
Dodoma,Maize,EAGC-RATIN,2018-12-13,2019-06-20,342.0,200.0,0.375,39.0,1
Dodoma,Sorghum,EAGC-RATIN,2018-10-29,2019-06-20,342.0,334.0,0.551,99.0,1
Mwanza,Beans,EAGC-RATIN,2018-05-11,2019-06-19,343.0,692.0,0.542,287.0,1
Mwanza,Beans,ACE Malawi/RATIN,2018-06-06,2018-11-21,553.0,169.0,0.024,1.0,112
Mwanza,Peas,EAGC-RATIN,2018-04-13,2019-06-19,343.0,667.0,0.546,234.0,1
Mwanza,Peas,ACE Malawi/RATIN,2017-09-18,2017-09-18,982.0,1.0,1.0,,
Mwanza,Rice,EAGC-RATIN,2018-10-29,2019-06-13,349.0,246.0,0.325,31.0,1
Mwanza,Rice,ACE Malawi/RATIN,2017-10-02,2017-10-23,947.0,22.0,0.091,1.0,
Mwanza,Wheat,EAGC-RATIN,2018-07-04,2019-06-19,343.0,429.0,0.352,78.0,1
Mwanza,Maize,EAGC-RATIN,2018-05-12,2019-06-19,343.0,497.0,0.348,93.0,1
Mwanza,Maize,ACE Malawi/RATIN,2017-09-18,2019-03-27,427.0,556.0,0.016,3.0,7
Mwanza,Sorghum,EAGC-RATIN,2018-09-27,2019-06-19,343.0,357.0,0.473,91.0,1
Mwanza,Millet,EAGC-RATIN,2018-10-04,2019-06-19,343.0,359.0,0.507,100.0,1
Kimironko,Beans,EAGC-RATIN,2018-07-03,2019-10-17,223.0,1352.0,0.8,880.0,1
Kimironko,Peas,EAGC-RATIN,2019-08-05,2019-10-17,223.0,124.0,0.661,50.0,2
Kimironko,Rice,EAGC-RATIN,2017-12-22,2019-10-17,223.0,866.0,0.417,201.0,1
Kimironko,Wheat,EAGC-RATIN,2018-06-25,2019-10-17,223.0,522.0,0.4,86.0,1
Kimironko,Maize,EAGC-RATIN,2018-12-12,2019-10-17,223.0,340.0,0.515,83.0,1
Kimironko,Sorghum,EAGC-RATIN,2018-10-26,2019-10-17,223.0,572.0,0.668,215.0,1
Kimironko,Millet,EAGC-RATIN,2018-09-07,2019-10-17,223.0,446.0,0.435,85.0,1
Makueni,Beans,EAGC-RATIN,2018-05-17,2019-09-24,246.0,654.0,0.37,158.0,1
Makueni,Peas,EAGC-RATIN,2017-12-14,2019-09-24,246.0,747.0,0.262,97.0,1
Makueni,Maize,EAGC-RATIN,2018-12-13,2019-09-24,246.0,299.0,0.241,21.0,1
Rubavu,Beans,EAGC-RATIN,2018-11-01,2019-08-05,296.0,754.0,0.82,476.0,1
Rubavu,Peas,EAGC-RATIN,2017-12-15,2019-08-05,296.0,656.0,0.43,118.0,1
Rubavu,Rice,EAGC-RATIN,2019-08-05,2019-08-05,296.0,4.0,1.0,3.0,
Rubavu,Wheat,EAGC-RATIN,2018-06-26,2019-08-05,296.0,449.0,0.399,83.0,1
Rubavu,Maize,EAGC-RATIN,2018-12-06,2019-06-27,335.0,226.0,0.584,69.0,1
Rubavu,Sorghum,EAGC-RATIN,2018-11-01,2019-08-05,296.0,295.0,0.447,71.0,1
Rubavu,Millet,EAGC-RATIN,2019-08-05,2019-08-05,296.0,3.0,1.0,2.0,
Ngozi,Beans,EAGC-RATIN,2018-07-16,2019-10-16,224.0,969.0,0.706,511.0,1
Ngozi,Peas,EAGC-RATIN,2017-12-15,2019-10-16,224.0,1174.0,0.665,503.0,1
Ngozi,Rice,EAGC-RATIN,2018-09-10,2019-10-16,224.0,626.0,0.629,224.0,1
Ngozi,Wheat,EAGC-RATIN,2018-06-27,2019-10-16,224.0,519.0,0.387,78.0,1
Ngozi,Maize,EAGC-RATIN,2018-12-05,2019-10-16,224.0,342.0,0.526,84.0,1
Ngozi,Sorghum,EAGC-RATIN,2018-11-16,2019-10-16,224.0,370.0,0.505,86.0,1
Ngozi,Millet,EAGC-RATIN,2019-08-06,2019-10-16,224.0,81.0,0.481,12.0,2
Kamembe,Beans,EAGC-RATIN,2018-10-11,2019-06-28,334.0,590.0,0.78,329.0,1
Kamembe,Peas,EAGC-RATIN,2017-12-29,2019-06-28,334.0,789.0,0.568,242.0,1
Kamembe,Rice,EAGC-RATIN,2018-12-13,2019-06-28,334.0,226.0,0.646,79.0,1
Kamembe,Maize,EAGC-RATIN,2018-12-12,2019-06-28,334.0,223.0,0.614,72.0,1
Kamembe,Sorghum,EAGC-RATIN,2018-12-12,2019-06-28,334.0,229.0,0.638,78.0,1
Ruhuha,Beans,EAGC-RATIN,2018-06-26,2018-09-21,614.0,88.0,0.091,3.0,3
Ruhuha,Peas,EAGC-RATIN,2018-01-09,2018-09-27,608.0,262.0,0.156,8.0,1
Ruhuha,Rice,EAGC-RATIN,2018-06-05,2018-09-18,617.0,106.0,0.094,2.0,6
Ruhuha,Wheat,EAGC-RATIN,2018-09-18,2018-09-28,607.0,11.0,0.273,1.0,1
Ruhuha,Sorghum,EAGC-RATIN,2018-09-18,2018-09-28,607.0,11.0,0.455,2.0,1
Bujumbura,Beans,EAGC-RATIN,2018-10-30,2019-10-16,224.0,654.0,0.642,302.0,1
Bujumbura,Peas,EAGC-RATIN,2018-01-16,2019-10-16,224.0,698.0,0.321,71.0,1
Bujumbura,Rice,EAGC-RATIN,2018-06-18,2019-10-16,224.0,611.0,0.408,125.0,1
Bujumbura,Wheat,EAGC-RATIN,2018-07-24,2019-10-16,224.0,475.0,0.295,58.0,1
Bujumbura,Maize,EAGC-RATIN,2018-12-13,2019-10-16,224.0,327.0,0.349,44.0,1
Bujumbura,Sorghum,EAGC-RATIN,2018-11-14,2019-10-16,224.0,359.0,0.351,52.0,1
Bujumbura,Millet,EAGC-RATIN,2019-07-29,2019-10-16,224.0,91.0,0.462,11.0,2
Kabale,Beans,EAGC-RATIN,2018-06-21,2019-10-17,223.0,790.0,0.592,306.0,1
Kabale,Peas,EAGC-RATIN,2019-09-09,2019-10-17,223.0,54.0,0.611,15.0,2
Kabale,Rice,EAGC-RATIN,2018-11-01,2019-10-17,223.0,408.0,0.458,69.0,1
Kabale,Maize,EAGC-RATIN,2018-01-19,2019-10-17,223.0,688.0,0.262,63.0,1
Kabale,Sorghum,EAGC-RATIN,2018-10-31,2019-10-17,223.0,372.0,0.414,69.0,1
Kabale,Millet,EAGC-RATIN,2018-09-17,2019-10-17,223.0,419.0,0.389,63.0,1
Owino,Beans,EAGC-RATIN,2018-06-14,2019-06-28,334.0,611.0,0.597,231.0,1
Owino,Rice,EAGC-RATIN,2018-05-31,2019-06-28,334.0,534.0,0.494,140.0,1
Owino,Maize,EAGC-RATIN,2018-01-19,2019-06-28,334.0,569.0,0.325,69.0,1
Owino,Sorghum,EAGC-RATIN,2019-01-29,2019-01-29,484.0,1.0,1.0,,
Owino,Millet,EAGC-RATIN,2019-01-29,2019-01-29,484.0,1.0,1.0,,
Machakos,Beans,EAGC-RATIN,2018-05-22,2019-09-24,246.0,659.0,0.39,168.0,1
Machakos,Peas,EAGC-RATIN,2018-01-19,2019-09-24,246.0,707.0,0.277,93.0,1
Machakos,Maize,EAGC-RATIN,2018-12-13,2019-09-24,246.0,303.0,0.264,24.0,1
Machakos,Sorghum,EAGC-RATIN,2019-09-04,2019-09-04,266.0,2.0,1.0,1.0,
Kampala,Beans,EAGC-RATIN,2018-06-25,2019-10-17,223.0,985.0,0.702,505.0,1
Kampala,Peas,EAGC-RATIN,2019-07-12,2019-10-17,223.0,142.0,0.535,44.0,2
Kampala,Rice,EAGC-RATIN,2018-06-19,2019-10-17,223.0,680.0,0.532,194.0,1
Kampala,Maize,EAGC-RATIN,2018-01-26,2019-10-17,223.0,814.0,0.455,184.0,1
Kampala,Sorghum,EAGC-RATIN,2018-11-08,2019-10-17,223.0,366.0,0.445,74.0,1
Kampala,Millet,EAGC-RATIN,2018-09-17,2019-10-17,223.0,426.0,0.42,75.0,1
Yei,Beans,EAGC-RATIN,2018-10-11,2019-01-30,483.0,125.0,0.192,13.0,1
Yei,Peas,EAGC-RATIN,2018-10-05,2019-01-10,503.0,102.0,0.088,4.0,7
Yei,Rice,EAGC-RATIN,2018-12-13,2019-01-30,483.0,52.0,0.135,3.0,20
Yei,Wheat,EAGC-RATIN,2018-10-19,2018-11-14,560.0,27.0,0.074,1.0,
Yei,Maize,EAGC-RATIN,2018-02-06,2019-01-30,483.0,368.0,0.049,9.0,1
Yei,Sorghum,EAGC-RATIN,2018-10-02,2019-01-30,483.0,121.0,0.074,4.0,1
Yei,Millet,EAGC-RATIN,2018-10-22,2019-01-30,483.0,104.0,0.096,3.0,1
Tororo,Beans,EAGC-RATIN,2018-05-28,2019-06-28,334.0,879.0,0.741,482.0,1
Tororo,Rice,EAGC-RATIN,2018-10-22,2019-06-28,334.0,273.0,0.498,70.0,1
Tororo,Maize,EAGC-RATIN,2018-02-14,2019-06-28,334.0,606.0,0.388,106.0,1
Tororo,Sorghum,EAGC-RATIN,2018-11-20,2019-06-28,334.0,234.0,0.504,58.0,1
Tororo,Millet,EAGC-RATIN,2018-09-21,2019-06-28,334.0,294.0,0.412,63.0,1
Nakuru,Beans,EAGC-RATIN,2018-07-06,2019-10-11,229.0,604.0,0.373,141.0,1
Nakuru,Peas,EAGC-RATIN,2018-03-02,2019-10-11,229.0,627.0,0.097,38.0,1
Nakuru,Rice,EAGC-RATIN,2018-06-22,2019-09-17,253.0,513.0,0.222,60.0,4
Nakuru,Wheat,EAGC-RATIN,2018-12-13,2019-09-18,252.0,302.0,0.235,22.0,4
Nakuru,Maize,EAGC-RATIN,2018-12-13,2019-10-11,229.0,330.0,0.288,27.0,1
Nakuru,Sorghum,EAGC-RATIN,2018-12-13,2019-10-11,229.0,320.0,0.256,17.0,1
Nakuru,Millet,EAGC-RATIN,2018-12-13,2019-10-08,232.0,326.0,0.276,26.0,1
Soroti,Barley,EAGC-RATIN,2019-04-30,2019-04-30,393.0,1.0,1.0,,
Soroti,Beans,EAGC-RATIN,2018-07-20,2019-06-21,341.0,470.0,0.464,133.0,1
Soroti,Peas,EAGC-RATIN,2018-04-24,2019-06-21,341.0,442.0,0.233,33.0,1
Soroti,Maize,EAGC-RATIN,2018-12-13,2019-06-21,341.0,197.0,0.335,28.0,1
Soroti,Sorghum,EAGC-RATIN,2018-11-01,2019-06-21,341.0,244.0,0.32,33.0,1
Soroti,Millet,EAGC-RATIN,2018-09-14,2019-06-05,357.0,274.0,0.27,24.0,1
Kisumu,Beans,EAGC-RATIN,2018-05-17,2019-10-01,239.0,886.0,0.554,383.0,1
Kisumu,Peas,EAGC-RATIN,2018-05-25,2019-10-01,239.0,534.0,0.234,39.0,1
Kisumu,Rice,EAGC-RATIN,2018-09-13,2019-07-24,308.0,336.0,0.292,39.0,1
Kisumu,Wheat,EAGC-RATIN,2019-05-07,2019-07-24,308.0,81.0,0.049,2.0,78
Kisumu,Maize,EAGC-RATIN,2018-12-13,2019-10-01,239.0,319.0,0.339,38.0,1
Kisumu,Sorghum,EAGC-RATIN,2018-12-13,2019-10-01,239.0,314.0,0.315,33.0,1
Kisumu,Millet,EAGC-RATIN,2018-11-01,2019-10-02,238.0,361.0,0.294,34.0,1
Busia,Beans,EAGC-RATIN,2018-06-01,2019-06-30,332.0,1155.0,0.862,760.0,1
Busia,Rice,EAGC-RATIN,2018-12-18,2018-12-18,526.0,1.0,1.0,,
Busia,Maize,EAGC-RATIN,2018-12-08,2019-06-30,332.0,238.0,0.71,91.0,1
Busia,Sorghum,EAGC-RATIN,2018-11-03,2019-06-30,332.0,272.0,0.647,102.0,1
Busia,Millet,EAGC-RATIN,2018-09-14,2019-06-30,332.0,332.0,0.627,115.0,1
Uvira,Beans,EAGC-RATIN,2018-09-06,2019-05-24,369.0,367.0,0.458,106.0,1
Uvira,Rice,EAGC-RATIN,2018-06-28,2019-05-24,369.0,424.0,0.375,93.0,1
Uvira,Wheat,EAGC-RATIN,2018-09-04,2019-05-24,369.0,284.0,0.271,21.0,1
Uvira,Maize,EAGC-RATIN,2018-06-20,2019-05-24,369.0,394.0,0.287,55.0,1
Goma,Beans,EAGC-RATIN,2018-10-09,2019-05-28,365.0,354.0,0.568,122.0,1
Goma,Rice,EAGC-RATIN,2018-11-19,2019-05-28,365.0,240.0,0.512,49.0,1
Goma,Wheat,EAGC-RATIN,2018-07-03,2019-05-27,366.0,337.0,0.237,23.0,1
Goma,Maize,EAGC-RATIN,2018-06-21,2019-05-28,365.0,403.0,0.39,61.0,1
Goma,Sorghum,EAGC-RATIN,2018-11-05,2019-05-28,365.0,209.0,0.34,28.0,1
Goma,Millet,EAGC-RATIN,2018-09-12,2019-05-28,365.0,265.0,0.275,14.0,1
Kolwezi,Beans,EAGC-RATIN,2018-07-05,2019-05-28,365.0,397.0,0.312,69.0,1
Kolwezi,Rice,EAGC-RATIN,2018-07-05,2019-05-28,365.0,478.0,0.49,150.0,1
Kolwezi,Maize,EAGC-RATIN,2018-06-27,2019-05-28,365.0,367.0,0.278,31.0,1
Bukavu,Beans,EAGC-RATIN,2018-10-23,2019-05-28,365.0,304.0,0.53,86.0,1
Bukavu,Rice,EAGC-RATIN,2018-07-04,2019-05-28,365.0,341.0,0.282,36.0,1
Bukavu,Wheat,EAGC-RATIN,2018-08-03,2019-05-28,365.0,333.0,0.402,51.0,1
Bukavu,Maize,EAGC-RATIN,2018-07-04,2019-05-28,365.0,417.0,0.484,88.0,1
Kasumbalesa,Beans,EAGC-RATIN,2018-11-06,2019-05-24,369.0,212.0,0.241,14.0,1
Kasumbalesa,Peas,EAGC-RATIN,2018-10-03,2019-05-24,369.0,262.0,0.267,28.0,1
Kasumbalesa,Rice,EAGC-RATIN,2018-07-06,2019-05-24,369.0,324.0,0.151,16.0,1
Kasumbalesa,Wheat,EAGC-RATIN,2018-11-01,2019-05-24,369.0,215.0,0.219,14.0,1
Kasumbalesa,Maize,EAGC-RATIN,2018-07-06,2019-05-24,369.0,357.0,0.244,34.0,1
Likasi,Beans,EAGC-RATIN,2018-09-21,2019-05-28,365.0,416.0,0.589,166.0,1
Likasi,Rice,EAGC-RATIN,2018-07-11,2019-05-28,365.0,326.0,0.212,24.0,1
Likasi,Wheat,EAGC-RATIN,2018-07-13,2018-07-13,684.0,2.0,1.0,1.0,
Likasi,Maize,EAGC-RATIN,2018-07-12,2019-05-28,365.0,372.0,0.336,51.0,1
Mulindi,Beans,EAGC-RATIN,2018-10-12,2019-10-16,224.0,880.0,0.761,510.0,1
Mulindi,Peas,EAGC-RATIN,2019-09-30,2019-09-30,240.0,1.0,1.0,,
Mulindi,Rice,EAGC-RATIN,2018-10-31,2019-10-16,224.0,380.0,0.447,85.0,1
Mulindi,Wheat,EAGC-RATIN,2018-07-13,2019-10-16,224.0,498.0,0.378,94.0,1
Mulindi,Maize,EAGC-RATIN,2018-12-10,2019-10-16,224.0,336.0,0.455,74.0,1
Mulindi,Sorghum,EAGC-RATIN,2018-10-30,2019-10-16,224.0,382.0,0.45,83.0,1
Mulindi,Millet,EAGC-RATIN,2018-09-19,2019-10-16,224.0,427.0,0.41,88.0,1
Tunduma,Beans,EAGC-RATIN,2018-07-19,2019-07-01,331.0,1389.0,0.878,1041.0,1
Tunduma,Peas,EAGC-RATIN,2018-10-01,2019-07-01,331.0,381.0,0.633,107.0,1
Tunduma,Rice,EAGC-RATIN,2018-10-20,2019-07-01,331.0,276.0,0.525,71.0,1
Tunduma,Wheat,EAGC-RATIN,2018-09-27,2019-06-28,334.0,300.0,0.483,69.0,1
Tunduma,Maize,EAGC-RATIN,2018-12-13,2019-07-01,331.0,217.0,0.571,62.0,1
Tunduma,Sorghum,EAGC-RATIN,2018-09-26,2018-10-01,604.0,6.0,0.333,1.0,
Tunduma,Millet,EAGC-RATIN,2018-09-26,2019-07-01,331.0,432.0,0.688,153.0,1
Ruhengeri,Beans,EAGC-RATIN,2018-10-26,2019-10-17,223.0,622.0,0.622,265.0,1
Ruhengeri,Peas,EAGC-RATIN,2019-07-30,2019-10-17,223.0,131.0,0.649,51.0,2
Ruhengeri,Rice,EAGC-RATIN,2018-11-28,2019-10-17,223.0,382.0,0.411,58.0,1
Ruhengeri,Wheat,EAGC-RATIN,2018-08-02,2019-10-17,223.0,479.0,0.303,40.0,1
Ruhengeri,Maize,EAGC-RATIN,2018-12-12,2019-10-17,223.0,341.0,0.367,33.0,1
Ruhengeri,Sorghum,EAGC-RATIN,2018-11-05,2019-10-17,223.0,377.0,0.353,37.0,1
Ruhengeri,Millet,EAGC-RATIN,2018-09-14,2019-10-17,223.0,429.0,0.326,38.0,1
Lubumbashi,Beans,EAGC-RATIN,2018-09-12,2019-10-17,223.0,697.0,0.571,296.0,1
Lubumbashi,Peas,EAGC-RATIN,2018-09-13,2019-10-17,223.0,420.0,0.264,46.0,1
Lubumbashi,Rice,EAGC-RATIN,2018-11-01,2019-10-17,223.0,367.0,0.272,43.0,1
Lubumbashi,Maize,EAGC-RATIN,2018-09-27,2019-10-17,223.0,499.0,0.401,113.0,1
Lubumbashi,Millet,EAGC-RATIN,2018-11-13,2018-11-13,561.0,1.0,1.0,,
Kapchorwa,Beans,EAGC-RATIN,2019-08-07,2019-10-17,223.0,167.0,0.76,95.0,2
Kapchorwa,Peas,EAGC-RATIN,2019-08-16,2019-10-17,223.0,73.0,0.507,10.0,2
Kapchorwa,Rice,EAGC-RATIN,2019-08-07,2019-10-17,223.0,107.0,0.607,35.0,3
Kapchorwa,Wheat,EAGC-RATIN,2019-08-07,2019-10-17,223.0,78.0,0.41,11.0,2
Kapchorwa,Maize,EAGC-RATIN,2019-08-07,2019-10-17,223.0,88.0,0.5,16.0,2
Kapchorwa,Sorghum,EAGC-RATIN,2019-08-07,2019-10-17,223.0,81.0,0.444,9.0,2
Kapchorwa,Millet,EAGC-RATIN,2019-08-07,2019-10-17,223.0,81.0,0.457,9.0,2
Kitale,Beans,EAGC-RATIN,2019-07-31,2019-10-11,229.0,98.0,0.418,25.0,1
Kitale,Peas,EAGC-RATIN,2019-07-31,2019-10-11,229.0,97.0,0.412,24.0,1
Kitale,Maize,EAGC-RATIN,2019-07-31,2019-10-11,229.0,79.0,0.241,6.0,3
Kitale,Sorghum,EAGC-RATIN,2019-07-31,2019-10-11,229.0,76.0,0.211,5.0,3
Kitale,Millet,EAGC-RATIN,2019-07-31,2019-10-09,231.0,74.0,0.243,5.0,1
Songea,Beans,EAGC-RATIN,2019-08-16,2019-10-15,225.0,76.0,0.382,15.0,2
Songea,Rice,EAGC-RATIN,2019-08-20,2019-10-15,225.0,60.0,0.267,4.0,2
Songea,Wheat,EAGC-RATIN,2019-09-02,2019-09-02,268.0,2.0,1.0,1.0,
Songea,Maize,EAGC-RATIN,2019-08-16,2019-10-15,225.0,69.0,0.29,8.0,2
Songea,Sorghum,EAGC-RATIN,2019-08-20,2019-10-15,225.0,58.0,0.19,3.0,2
Songea,Millet,EAGC-RATIN,2019-08-16,2019-08-20,281.0,6.0,0.5,1.0,4
Kobero,Beans,EAGC-RATIN,2019-07-07,2019-10-16,224.0,169.0,0.58,67.0,2
Kobero,Peas,EAGC-RATIN,2019-07-07,2019-10-16,224.0,139.0,0.482,37.0,2
Kobero,Rice,EAGC-RATIN,2019-07-07,2019-10-16,224.0,133.0,0.459,31.0,2
Kobero,Wheat,EAGC-RATIN,2019-07-07,2019-07-07,325.0,1.0,1.0,,
Kobero,Maize,EAGC-RATIN,2019-08-16,2019-10-16,224.0,68.0,0.471,9.0,3
Kobero,Sorghum,EAGC-RATIN,2019-07-07,2019-10-16,224.0,108.0,0.333,12.0,2
Kobero,Millet,EAGC-RATIN,2019-08-19,2019-10-16,224.0,68.0,0.529,12.0,2
Gichumbi,Beans,EAGC-RATIN,2019-07-30,2019-08-31,270.0,44.0,0.318,11.0,6
Gichumbi,Peas,EAGC-RATIN,2019-07-30,2019-08-31,270.0,33.0,0.091,1.0,26
Gichumbi,Rice,EAGC-RATIN,2019-07-23,2019-08-05,296.0,16.0,0.312,2.0,7
Gichumbi,Wheat,EAGC-RATIN,2019-07-30,2019-08-31,270.0,36.0,0.167,3.0,6
Gichumbi,Maize,EAGC-RATIN,2019-07-30,2019-08-31,270.0,33.0,0.091,1.0,26
Gichumbi,Sorghum,EAGC-RATIN,2019-08-05,2019-08-31,270.0,27.0,0.074,1.0,
Gichumbi,Millet,EAGC-RATIN,2019-07-27,2019-08-31,270.0,37.0,0.108,1.0,9
Gicumbi,Beans,EAGC-RATIN,2019-07-30,2019-10-17,223.0,199.0,0.759,119.0,2
Gicumbi,Peas,EAGC-RATIN,2019-07-30,2019-10-17,223.0,127.0,0.622,47.0,2
Gicumbi,Rice,EAGC-RATIN,2019-07-23,2019-10-17,223.0,124.0,0.565,37.0,2
Gicumbi,Wheat,EAGC-RATIN,2019-07-30,2019-10-17,223.0,90.0,0.467,13.0,2
Gicumbi,Maize,EAGC-RATIN,2019-07-30,2019-10-17,223.0,98.0,0.49,18.0,2
Gicumbi,Sorghum,EAGC-RATIN,2019-08-05,2019-10-17,223.0,81.0,0.432,11.0,2
Gicumbi,Millet,EAGC-RATIN,2019-07-27,2019-10-17,223.0,93.0,0.452,13.0,2
Kigoma,Beans,EAGC-RATIN,2019-08-07,2019-10-15,225.0,137.0,0.642,67.0,2
Kigoma,Peas,EAGC-RATIN,2019-08-07,2019-10-15,225.0,96.0,0.448,26.0,3
Kigoma,Rice,EAGC-RATIN,2019-08-05,2019-10-15,225.0,75.0,0.32,5.0,3
Kigoma,Wheat,EAGC-RATIN,2019-08-06,2019-10-15,225.0,76.0,0.276,5.0,2
Kigoma,Maize,EAGC-RATIN,2019-08-05,2019-10-15,225.0,87.0,0.402,15.0,2
Kigoma,Sorghum,EAGC-RATIN,2019-08-07,2019-10-15,225.0,74.0,0.297,5.0,2
Kigoma,Millet,EAGC-RATIN,2019-08-06,2019-10-15,225.0,77.0,0.325,6.0,2
Kigali,Beans,EAGC-RATIN,2019-08-20,2019-08-20,281.0,1.0,1.0,,
